,sumsquare_error,aic,bic,kl_div
vonmises_line,2.7641037665278136e-06,124.5241546902748,-19685.826123749608,0.017655544841132364
triang,3.922466489215034e-06,126.28095000732358,-19335.82190874206,0.034124193931738364
gompertz,4.0171966352122826e-06,125.57640262949566,-19311.958266168036,0.02913785393747555
genextreme,4.956207402316285e-06,126.9017420479864,-19101.901759486103,0.04260831614032058
johnsonsu,5.12229023588507e-06,129.54776701548377,-19062.033165096815,0.047281754483575585
